n,p05,p50,p95
1,-0.22732781868366925,-0.005094639193648164,0.34206358647271673
2,-0.17241347638175508,0.0020766691995319775,0.2798019226142954
3,-0.14551437464057307,0.0030326397178968754,0.235901219601915
4,-0.12249818705181328,0.004912662482397773,0.20505172935595045
5,-0.10804250016655757,0.006539053788896021,0.18273666700197677
6,-0.10068853936466127,0.008866331872313855,0.1636295920641067
7,-0.09080670967491408,0.008751221923000645,0.15086867310486157
8,-0.08498360496557252,0.009388954105239343,0.1415902058799492
9,-0.08135413677986619,0.009714655611561226,0.1376636037490732
10,-0.0772142820555911,0.009769099040243479,0.13347635546901057
11,-0.07194824723487411,0.010179286047211406,0.12805349842592134
12,-0.06723238063433563,0.011601602149495498,0.12311730100128003
13,-0.06371300848581934,0.011516225423105802,0.11645596068725667
14,-0.061636865805238805,0.011499214585655329,0.11164595509454711
15,-0.060455752079515715,0.012084168919707053,0.10953425679286989
16,-0.058896210893392746,0.012026208574974401,0.1059771944613465
17,-0.056921171657804526,0.01271099696151614,0.10272925726111524
18,-0.055017129250694186,0.012299855222936319,0.10024016909315836
19,-0.053957053411223255,0.012835459275025086,0.09905658827352994
20,-0.05080183199819125,0.013048198513514722,0.0981384978880768
21,-0.04972373951966975,0.013120379035583229,0.09691673808463355
22,-0.0485416633309589,0.013127034693567035,0.09437379425469021
23,-0.045985421352706855,0.013743076827846078,0.09071328954224385
24,-0.04550438658817516,0.01381543660742552,0.09042950431702754
25,-0.04436384487775478,0.014001621625874695,0.08906967892435766
26,-0.04337474194856861,0.014351595671916073,0.08750288897711003
27,-0.042502090504021955,0.01454593716342973,0.08571325828039861
28,-0.041505341526554856,0.014583110118668873,0.08501575932331702
29,-0.03995120999684808,0.01494138285971134,0.0840259203677701
30,-0.0395016659561543,0.014946065258613177,0.08209107689767119
31,-0.03843915368314383,0.014315530746745226,0.08019627588128116
32,-0.03794972047437919,0.01433019569332621,0.07868583175614535
33,-0.0371264850575858,0.014878600796928137,0.07753127888606579
34,-0.036367603600439,0.014984520076126037,0.07665516332110932
35,-0.03513739670764509,0.015025555137765927,0.0749237688240747
36,-0.03496181497900627,0.01505631954034641,0.07447681868130739
37,-0.033701793555188146,0.014738830701788413,0.07369116605090681
38,-0.03328738717240444,0.014863024925801325,0.07322223509889517
39,-0.032945954028607935,0.014800600484007477,0.07237686519943642
40,-0.03238209145465306,0.014733450659228379,0.07237660660884944
41,-0.031580860375689,0.015132697145208244,0.07137228678716025
42,-0.03074482660146798,0.015110058225026278,0.07156273585845987
43,-0.03024605236048934,0.015020456749969182,0.07061969335836744
44,-0.03015252571834448,0.015006008652069596,0.06928043431600861
45,-0.02929897616206035,0.0150789938442294,0.06831163919648743
46,-0.029094835863783378,0.01522934461612458,0.06814029915181602
47,-0.029152501064428547,0.015401820578182946,0.06701282447952035
48,-0.028489792978316445,0.015737898324850248,0.06684273980001056
49,-0.027891972765669723,0.01569072362639104,0.06646467608592121
50,-0.027264358669223682,0.015420641375201612,0.06639639023712927
51,-0.026987661727429925,0.015587188718984561,0.06549258922045018
52,-0.026373619130032243,0.015590325825494293,0.06508495556045664
53,-0.026131133058689724,0.015591966481085833,0.06471463906209876
54,-0.02640667437721509,0.015765250800729796,0.06405313516041486
55,-0.025628478950602378,0.0160242968226869,0.06319573075044636
56,-0.02513532611287229,0.016210721732768864,0.06257616965885988
57,-0.024702377320124952,0.01617220170349561,0.06255065602613875
58,-0.024169171150449458,0.016007604487660844,0.06183885536829511
59,-0.024237043926037097,0.016068980946570954,0.061333749767431715
60,-0.023659266367194016,0.016140759308204237,0.06102800668163328
61,-0.023591611507957678,0.01605296575593189,0.06073317206635363
62,-0.023653553589824034,0.016187704395138537,0.06049932089097256
63,-0.02291861287181167,0.016165750991946812,0.06047194898588743
64,-0.022685506210384277,0.016025854607592527,0.059948655005106585
65,-0.022222547919734704,0.016311653247707652,0.06037321089129772
66,-0.021761312890188872,0.01632248047270379,0.059598452367847596
67,-0.021180759683522794,0.016252006484212163,0.05933020658019061
68,-0.021194546698532744,0.016332423413893203,0.059431153722349674
69,-0.021156372589469542,0.016478121124898354,0.058978588977965256
70,-0.02084198029139471,0.016411314584189825,0.058660472922890776
71,-0.020534094995586352,0.016465656271137906,0.05805879501527845
72,-0.020203454439989398,0.01654158910611417,0.05739060979621711
73,-0.020187390162469433,0.01647443776746549,0.05750224345747035
74,-0.019786623802945148,0.01651429346747904,0.057398389533830516
75,-0.02022572365981237,0.016537713785932884,0.057421184480096955
76,-0.01978041692590443,0.01654638774454739,0.05678096417170838
77,-0.01956998883441171,0.016519471986316522,0.05685125597816607
78,-0.01903456747604428,0.016781716641336455,0.05597946231925625
79,-0.018844354147446972,0.016640954610800503,0.05603486243617162
80,-0.01846230426255463,0.016574999253710702,0.05601768891911098
81,-0.018481395949198395,0.01653566927721769,0.05590725220945385
82,-0.018162809486754937,0.016455118462786335,0.055908072061633375
83,-0.017604997727187027,0.01654142482773066,0.055872749860919994
84,-0.017130475852716917,0.01678262739399769,0.0553310697097985
85,-0.016936099375009138,0.01678179706534578,0.05513632176750435
86,-0.016855115117675956,0.01688901496644072,0.05496144085890762
87,-0.01683070511984918,0.016972523064070422,0.054343508199980135
88,-0.016729778437502472,0.017041099414552698,0.05369288164897877
89,-0.016282181014255482,0.016908652393859844,0.05368195497435959
90,-0.01637359820607363,0.016858052418619006,0.053414098398999146
91,-0.0163259619344984,0.01684076635304456,0.05358536455238052
92,-0.016358488228619888,0.016991865097505998,0.05305040257927632
93,-0.01610026546421399,0.016750107077356694,0.05281473716205318
94,-0.016311617005167745,0.016698404453957993,0.05254095407059792
95,-0.015833466050945363,0.016820372994740942,0.05260655494243917
96,-0.015727248718658805,0.01684038971000633,0.052278492805763674
97,-0.015221091831529625,0.016734724430034167,0.05182588922630598
98,-0.015129226479412483,0.016728636861581728,0.051408647660892606
99,-0.015246080518409973,0.01687223950561661,0.05136303654821477
100,-0.014740550714495027,0.016907147585892332,0.05108788820073469
101,-0.014824397244467434,0.01687982782831794,0.05101368143000522
102,-0.014615336514277929,0.016876972788493618,0.05077234751919405
103,-0.014613307191518755,0.016866785407931437,0.05062763768805152
104,-0.014228838445268281,0.01685454297694363,0.050370628038395725
105,-0.014389674677009991,0.016857783297491963,0.04982914004604784
106,-0.014368368519211224,0.016819873784436182,0.05002808973327714
107,-0.014286096193513417,0.016819969886459174,0.05012396642620445
108,-0.014459116266018467,0.016802718210313046,0.04943104272401405
109,-0.01423109216239005,0.016856862200530447,0.049660733905534354
110,-0.013711347690555311,0.0168632868277606,0.049550533797487514
111,-0.013344473323927773,0.01688873510018557,0.0493251564079845
112,-0.013255085422838302,0.017010162593466632,0.0492779385844855
113,-0.012945848022257636,0.017120950266857168,0.049590309905538234
114,-0.012703048267676178,0.01700064587804083,0.04959312559931266
115,-0.012892350115956014,0.017014689988282213,0.04928322463240352
116,-0.013049513110442928,0.017023045834666586,0.04891271626932168
117,-0.012777365129562068,0.016923370001011066,0.049070692712276605
118,-0.012686375706106924,0.017148950417020782,0.04912350142608018
119,-0.012555238141000907,0.017182245930070058,0.04909397095954716
120,-0.012520271803760245,0.017223793993657484,0.04866654799824556
121,-0.012529290183844393,0.017240382910566593,0.048286520718492855
122,-0.012057728086227461,0.017172163667870458,0.048029584470306884
123,-0.011766472716688705,0.0171315542257058,0.04768563723868687
124,-0.01164775907083552,0.017174070199107133,0.047277059010224096
125,-0.01181807040842607,0.017188655024165486,0.0471992937965098
126,-0.01175178335782266,0.017192023804888178,0.04720504988843593
127,-0.011352059468317731,0.01718928909210022,0.04702627635510816
128,-0.011211300919641273,0.01722871415875942,0.04686205077742163
129,-0.01117762427592237,0.017129883860618082,0.04655033662057491
130,-0.011278595682147112,0.0172077822110641,0.04657786868484441
131,-0.010928002106324207,0.017196855025402115,0.04604051211129248
132,-0.010831307301436046,0.017124024583081182,0.04553198539030765
133,-0.010635299358601889,0.017094567486341902,0.045564965552445554
134,-0.010284655763657238,0.017134983449352985,0.04587341171056206
135,-0.010432169045137357,0.017219812347154136,0.04578201008620112
136,-0.010614269897747544,0.01727238743617269,0.04588818090734358
137,-0.010487227718844092,0.017256234633835056,0.04571840501341077
138,-0.0102686480121707,0.01711392766623656,0.04531318856189988
139,-0.010266053585395387,0.0171056927688977,0.04521611270668867
140,-0.009966130075930314,0.017218411245872048,0.04507207144779873
141,-0.010025702677293313,0.017201364122563165,0.04509402538489752
142,-0.009999825211675285,0.017018943162510437,0.045046278562863654
143,-0.009855154998906173,0.016906857064584377,0.04466567443879375
144,-0.009721827435198815,0.01692129663772004,0.04483674568469896
145,-0.009676217017037527,0.016976691414053478,0.04474191278908341
146,-0.009374891818615892,0.016988493924093392,0.044485333026580025
147,-0.009168742902633156,0.017094415089536137,0.04435439031778603
148,-0.008988681469005031,0.01713308071266439,0.044808739987912426
149,-0.009249929840756644,0.01721658366976994,0.04466351540961098
150,-0.00927973651360583,0.017216981674287063,0.04474318574027168
151,-0.009135705926616843,0.017278679093844555,0.04457098266255904
152,-0.009071075068146766,0.017200867094446882,0.04444577447262397
153,-0.00877576981079009,0.017115878454158823,0.044293798891082
154,-0.008708863116761438,0.017119334041815003,0.044034199047693214
155,-0.008680491367375988,0.017149643763406337,0.04407927211177599
156,-0.008514671889143724,0.017130533411503612,0.044132177363535335
157,-0.008716904815047066,0.017274867140112126,0.04419106333151766
158,-0.008845596350161312,0.01735493752405514,0.0436867626559768
159,-0.008619181743582352,0.01725028876690738,0.043765206012520215
160,-0.008504546658733838,0.017229616167522395,0.04369066793332171
161,-0.008373393151129319,0.017232667376895803,0.0437167497771605
162,-0.008391315989576516,0.017214857331895986,0.04362912468763308
163,-0.008404546057019019,0.017145440493600388,0.04352391747607993
164,-0.008456256472750466,0.017154991686029995,0.043288690500543084
165,-0.00838746086271502,0.01710836067043062,0.04324051004548619
166,-0.008289270644961207,0.017174570595032107,0.04315772843693446
167,-0.008272636888644823,0.01715862040340364,0.04310641315820632
168,-0.007914223805598747,0.017286170437850502,0.043020774198675026
169,-0.00791144904199055,0.0170887891321536,0.04314359141090422
170,-0.007817970687007993,0.01703292875684984,0.04296860906955322
171,-0.007622761826908046,0.017022995221563916,0.04300703116580629
172,-0.00758010919179153,0.017105980883904026,0.04296776294268067
173,-0.007335018817834396,0.017170642871803914,0.0428070317904561
174,-0.007206402281639512,0.01708841277629937,0.04308914815779112
175,-0.0072165150344243026,0.01705191669881877,0.04301215840605685
176,-0.006993580731760704,0.01708263248748773,0.042984647522717516
177,-0.0068447694767909475,0.01700202322037623,0.04289258742950591
178,-0.006743724809935357,0.017086402384056253,0.04270339885469625
179,-0.006691347506311915,0.01707291593588548,0.04267502004338843
180,-0.006426637198588869,0.01709920258147913,0.04287841721984062
181,-0.006433353629210461,0.01712488713442691,0.042869872309036584
182,-0.00642190165238785,0.017160540190001322,0.04273965995070885
183,-0.006540730124403037,0.017249705141352507,0.04272398184383486
184,-0.006163220330916759,0.01712461938108001,0.04247014264965492
185,-0.006098499270725188,0.017170631545973716,0.042556612799651755
186,-0.006039429741643023,0.017028523494633692,0.04272932739905067
187,-0.0058649940132457215,0.016965579568905525,0.042614569458819244
188,-0.005553937567173977,0.01700605705975165,0.04279428605172684
189,-0.005751344890835873,0.017103288284156477,0.042481736335913844
190,-0.005717283281730437,0.01704169357315897,0.042272015657494694
191,-0.005619503988372618,0.017092110417674358,0.04217697579092724
192,-0.005664802886632529,0.017055079949610474,0.042151229734189465
193,-0.005485503058262461,0.017005977985546993,0.042248935017756825
194,-0.005228895367434938,0.016897820164214317,0.042023254247100725
195,-0.005115291474245238,0.01697981835058693,0.04186690539216384
196,-0.004999756900475242,0.01697243212832037,0.041658432861112864
197,-0.004982366230182312,0.016924013478810236,0.04158325705069683
198,-0.0049195182482104334,0.017010604538597155,0.04162750879594466
199,-0.0048878617290123855,0.016969386891569127,0.041363134766453875
200,-0.004946749776113697,0.01705968031143762,0.0413866430269343
201,-0.004859677058616336,0.017102033805223422,0.04148217379585577
202,-0.00478483637275169,0.017095184721675986,0.04148754402005902
203,-0.004619878296326287,0.017098708618264083,0.041308891695310664
204,-0.004510555924325189,0.017098730742812717,0.04113419146398619
205,-0.0045872088613649956,0.017082904417994933,0.04119078820189207
206,-0.004619864218159212,0.017040161030047875,0.041336593723119486
207,-0.0045018554579064965,0.017034045355059424,0.04103970553997645
208,-0.004446234828219514,0.017004560113548832,0.0410214202136059
209,-0.004461315856373294,0.016963781140962572,0.040936977081329255
210,-0.004451025583012741,0.017003767703612636,0.040699306302849306
211,-0.004374389691203613,0.017062234476713036,0.0406160794235931
212,-0.004116593276964579,0.017047608688639772,0.040719392152860676
213,-0.003862759662621551,0.01711905721300759,0.040807149080812295
214,-0.003911782779604968,0.017249809728434,0.040805180540876874
215,-0.004000351528698266,0.017253648100152487,0.04077886589048346
216,-0.003928739367336478,0.01719411266942056,0.04077592717654553
217,-0.0038488642358540954,0.01718892885897691,0.04062848319110667
218,-0.003840300977772358,0.017165038616231622,0.04077151905807581
219,-0.0036751096856478043,0.01716324666277906,0.040700295062857904
220,-0.003586198286552497,0.017163848383712113,0.040443799413295456
221,-0.003497919684505472,0.01708168928954186,0.04032694243032933
222,-0.0035144025262380672,0.01705486932062753,0.040201550230276675
223,-0.0034057215987036574,0.017040684264384355,0.04003891830731093
224,-0.003308608437276836,0.01707515665471329,0.04001865497578174
225,-0.0031478613833736996,0.01714053215598088,0.040003674129908406
226,-0.0030914337513973378,0.01714401921933807,0.039893407988355355
227,-0.0032087686783496346,0.017173681472884027,0.039936641322446884
228,-0.003155429020434997,0.01716939971082028,0.03984163391024659
229,-0.0029993101585733353,0.017189038755963296,0.03986633292462477
230,-0.0029971841891337577,0.017178007711438355,0.039760700088717675
231,-0.00296893949752411,0.01725380592056419,0.03968006763006204
232,-0.0029556364233764504,0.01718437681397968,0.03953857441244114
233,-0.0028710513484046705,0.017256526960423197,0.039443255879124194
234,-0.0027588664808640413,0.01723622332027957,0.03933082529094616
235,-0.0028270545039264495,0.017256328335501676,0.039552551189350416
236,-0.002820518696521508,0.017183187432071322,0.039298620630325014
237,-0.002829104400110637,0.017244980220122007,0.03932010204412348
238,-0.0027725039398564673,0.017232360247814014,0.039198766308395104
239,-0.0027172955587119524,0.01722200998608961,0.03931133159022758
240,-0.00271132865281721,0.01712071110971458,0.039301978742755886
241,-0.0027081043353065362,0.017100093752753672,0.0392124366756535
242,-0.0026862966990299094,0.017166982269542063,0.03911094657689991
243,-0.0026593845680798157,0.0171444905393454,0.039246174092994884
244,-0.0027306009471659075,0.017120365039368854,0.039418089601057686
245,-0.002632755012205197,0.017066304308036618,0.03930338725402657
246,-0.002609133018076281,0.01706525785430447,0.03921580382141027
247,-0.002706813115223518,0.017207705408164284,0.03915296384221113
248,-0.0027270494817996436,0.01723396116999775,0.03925663833464253
249,-0.002856323719897274,0.01726178691452411,0.03908963320159741
250,-0.002691641882762803,0.017238145327860256,0.03898944978241976
251,-0.00270533019900426,0.017260338323622948,0.0390967440692453
252,-0.002705331681893373,0.01726574753579781,0.03897745638352714
253,-0.0026543564972865514,0.017150844401947304,0.038838162422392755
254,-0.0024944703419278297,0.01705268290251514,0.03873454206635467
255,-0.00256165756188247,0.01709529278809494,0.03864929072928227
256,-0.002519637941714056,0.017136065083145743,0.038824667622026236
257,-0.002533611826908165,0.017167013184296986,0.0387128710080989
258,-0.0024591555275535466,0.017205392854832587,0.0386719419676338
259,-0.002556644771872669,0.017176261861149438,0.03854659439609763
260,-0.0025377767530563615,0.01719382744957211,0.038603413122087114
261,-0.0024238986401795117,0.01731351069160672,0.03846538998150331
262,-0.0024283697728607304,0.017316026097210876,0.03856536902218653
263,-0.002223460521984648,0.017309206751015542,0.038410662674114734
264,-0.0022213673584004123,0.01719053677128775,0.03839626240124462
265,-0.0023742955284540112,0.01712975444942619,0.038235058071396
266,-0.0023871843170983073,0.017217274207637814,0.03839324459429203
267,-0.002206833182336858,0.017150098810762654,0.03825608849980353
268,-0.002197074808455687,0.017146329180636,0.0383405518390269
269,-0.0020435249059102866,0.017158033790697143,0.03823519406867559
270,-0.0020231025928287524,0.01712083776990463,0.03833299787679666
271,-0.0018307241486007306,0.017064559722668543,0.03815273113262085
272,-0.0018478934879554048,0.017084245231337548,0.03785459778308244
273,-0.0016563813875929653,0.017151658058864684,0.0377948429593523
274,-0.0015870840736475443,0.017190754079729142,0.037871381817746866
275,-0.0015322895123918803,0.017150248673659364,0.037671470404209206
276,-0.0016432167832680894,0.017148010106221127,0.03779983794907133
277,-0.0016022280869027712,0.017107352775973136,0.038038231446874404
278,-0.0015939219679704218,0.017079384915734037,0.03794371580672776
279,-0.0016519439048312031,0.017107288643582096,0.03788809754853121
280,-0.0015371173146879417,0.017087247199566554,0.037878038896551725
281,-0.0014184498378062977,0.01698464571227363,0.03784149229072927
282,-0.001475650134620337,0.017118144590244126,0.037688888583777086
283,-0.00161619265772389,0.017138330248260305,0.037777283427656044
284,-0.0015998209959311382,0.017087421967353324,0.037618634557746986
285,-0.0016124663430785024,0.01719050931735851,0.03757719568935722
286,-0.0015801092596628586,0.017184773761312222,0.037478353771965574
287,-0.0014990477952892876,0.017263311012496726,0.03735627527498269
288,-0.0016571696922269247,0.017265427086790845,0.03724326166369719
289,-0.001680425697047573,0.017170444975051817,0.037324357418706766
290,-0.001518919675014626,0.017195520064838675,0.03737056204841241
291,-0.001512766466108891,0.017171540912350354,0.03745473251474649
292,-0.0015130824287356384,0.017240058711653405,0.037253377947063036
293,-0.0016473824108183455,0.017269573755324008,0.037396090157800856
294,-0.001611069690626051,0.01731126267317428,0.03726365729313795
295,-0.0017019210439080629,0.017322046438257473,0.03709598722602941
296,-0.0016718774965255344,0.017277128855856826,0.03691157942848084
297,-0.0014152724518214233,0.01735276885785303,0.036964870823858846
298,-0.0014554140336793364,0.01735263950361117,0.03697733304770497
299,-0.0014384064034356871,0.017374463843771854,0.03690716636199987
300,-0.0014448840493167013,0.01732830817970197,0.037040678182768676
301,-0.00146071668096278,0.017302283657349392,0.037057295008129564
302,-0.0014909096295702877,0.01729930440989952,0.037030685205311914
303,-0.0012217989518346444,0.017291901624674665,0.03719444770684402
304,-0.0013588675378353892,0.017286300835071752,0.03717776916649862
305,-0.0013067555943588034,0.017281019587707672,0.037015103834607786
306,-0.001153471964037735,0.017348727434054304,0.03685493164805001
307,-0.0010874754602228601,0.01722566165398478,0.03678883951898413
308,-0.0009526664755553491,0.017207977345710036,0.03695720595725894
309,-0.0010667582143725437,0.017200020353216765,0.03683458521304494
310,-0.001206966737946386,0.017135967742224263,0.03671362173083983
311,-0.0012156593642727277,0.017132899704140565,0.036619184316596165
312,-0.0011323715423935705,0.017137330793181988,0.03653667942057942
313,-0.0011237925929644841,0.017137864010872236,0.03662170371806255
314,-0.0009309852550067722,0.01716069268949342,0.03668959069922233
315,-0.0008694626498202741,0.017184737500522122,0.03672891249895027
316,-0.0009332615408337847,0.01713370122766629,0.036607626372014715
317,-0.000879750441111336,0.017139689794747247,0.0367057474509105
318,-0.0008895434605967621,0.017221508094070376,0.03684475935578531
319,-0.0009698551347377941,0.01718738268166774,0.036928136786780946
320,-0.0009358040516546493,0.017227359000390442,0.03674821957020212
321,-0.0009924322456972487,0.01728087498174776,0.036702514906227765
322,-0.0007983687920635546,0.017266962849352897,0.036577286048729854
323,-0.0006648614941797247,0.017271485784502008,0.03665551997962855
324,-0.0006723209213724018,0.017227073282911107,0.03659816950312517
325,-0.0006455950345975382,0.017193004786895727,0.03655878597574219
326,-0.0006718198839532467,0.017205727144375904,0.03641246778775325
327,-0.0006272955394820043,0.017216981142391313,0.03634186625283161
328,-0.0003930916265260029,0.01715086197179557,0.03641334032247226
329,-0.0003714993395150919,0.017218490959458876,0.036326672342913806
330,-0.0004528651334964524,0.01717464936122045,0.03632943398191586
331,-0.0004065548894593502,0.017226710277039814,0.036320121799660654
332,-0.000356025063831129,0.01724639832391222,0.03632670658865528
333,-0.0003557239899061971,0.017213830608763497,0.03619987338829945
334,-0.00034707952175710386,0.017213629296958695,0.036278702409657096
335,-9.874786113727391e-05,0.017246062631788794,0.03607035458735115
336,-2.810718890098983e-05,0.01723497368288826,0.03591797981006597
337,-0.00013673680129233594,0.01722980377273644,0.03577495584856933
338,5.381155573533057e-05,0.01728453865515258,0.035729356712984606
339,-4.3196555524735036e-05,0.01724221894011286,0.03569862009682482
340,-3.5549893326183285e-05,0.017241431846465826,0.0358009707381942
341,7.139952034223182e-06,0.017223809041767256,0.035743169812233674
342,3.0174985865735235e-05,0.01719401472119295,0.035806833848963965
343,0.00013093337071815907,0.017320190268419168,0.03584140445820413
344,0.00017625405691714137,0.017340441026904414,0.035869651230648086
345,0.00011073030572580717,0.017287373689280395,0.03577555899250353
346,6.008202412145238e-05,0.017326217561842085,0.03566945326753124
347,0.00019084594135752387,0.017329564171335833,0.03568064299182154
348,0.00015946363727345776,0.017321583573971795,0.03564743487788923
349,6.637280518318774e-05,0.01724936578336484,0.035651964546974994
350,8.661897526437573e-05,0.017278033821370796,0.03562991224066651
351,6.1033747024718e-05,0.017337363223764744,0.03565032408380027
352,0.00019111579681551423,0.017352045268804163,0.03558590366911104
353,2.702615625519141e-05,0.017264613403862844,0.035665208653939844
354,0.00012702048288073224,0.017272643161930026,0.035773604644780806
355,0.00024826761119745315,0.017280374130926264,0.035816260897912594
356,0.00028523726288643824,0.01727527468340572,0.03571157063091089
357,0.0002376815942807473,0.017343606133671568,0.03556059102486451
358,0.00022812187424855806,0.017348050096515334,0.03558947522569461
359,0.0003445104652524215,0.017269669931608753,0.0355090244877413
360,0.0004634337219303476,0.017312463314544516,0.0356134299213949
361,0.0005936075716110018,0.01721125474149214,0.03553917420536499
362,0.0005988952293138689,0.01718957682832894,0.035545263376094996
363,0.0006552974273962234,0.017197394962013862,0.035552236580957734
364,0.0005946824107252556,0.017207696004639395,0.03547266440098169
365,0.0007652069460772885,0.017223853671645948,0.03533197479632329
366,0.0007516693951070833,0.017284464583990324,0.0354193383430376
367,0.0007587672094285516,0.017316387846148935,0.03548985268779744
368,0.0008569408054781924,0.01733315782979474,0.03536000113141298
369,0.0007444201291478613,0.017283492149377952,0.03522847007191482
370,0.000692223807901012,0.017288374581225445,0.03529591226611072
371,0.0006694504026308969,0.01733450947283198,0.0351110779682264
372,0.0006448802618307803,0.017299182202615143,0.03517174835792803
373,0.000908893255089512,0.017322738950541434,0.03487176770226182
374,0.0008878152417500896,0.017355221917121168,0.03486288569809268
375,0.000857816484055163,0.017277747354473124,0.03487638628930188
376,0.0008574368780648787,0.017286968026269625,0.034862748131518774
377,0.0009481251621517138,0.017331969420755787,0.03502690259545078
378,0.0008713564745095929,0.01732674318841814,0.0349868219114963
379,0.0007437331838065704,0.017351683120152128,0.03502660840755467
380,0.0008693994377827521,0.017245465818700473,0.034964691245048536
381,0.0008373071334872184,0.01725008678705496,0.03506726056242572
382,0.0008445129218108236,0.017281665921351063,0.03516955609255502
383,0.0008677963973448072,0.01729401024713978,0.035015233639840375
384,0.0007971295384117835,0.01728753895735688,0.034971612926861045
385,0.0009421448015417709,0.017238858632677094,0.0350334268220385
386,0.0010816594526116125,0.01722615233950614,0.035120136868663845
387,0.0010974284338280934,0.017221351445138464,0.03499036086501358
388,0.0011752398458633943,0.01725529297254804,0.03490051196882319
389,0.0011849166409685285,0.017265180649186987,0.034811576103974944
390,0.0012289456054137638,0.017253061151761395,0.034712828788877985
391,0.001219872611722802,0.01729537378890653,0.03461469774107681
392,0.0013152840759133274,0.01726847809583365,0.03456591523486017
393,0.0012377510610308692,0.017248994214410986,0.03456919137564438
394,0.0013170775356971234,0.01720196355763914,0.03478016579254013
395,0.0012296439991418035,0.017253820412515067,0.0347116851724945
396,0.0011556998771455505,0.017242261175878192,0.03462917395398544
397,0.001112509092512444,0.017223838839080127,0.03460764631311542
398,0.0012774826633318297,0.01726021727241463,0.03454816036999919
399,0.001292226701699908,0.017241915892650665,0.034635263688865145
400,0.0012444774990311032,0.017196731041470292,0.03446316824051319
401,0.0013632273954537382,0.017214098483843178,0.03443913827920885
402,0.0013648805246712671,0.0171844495258012,0.03436117396622794
403,0.0013022396897161656,0.017188462246313943,0.034303636182487524
404,0.0013163178974767023,0.01722963740980682,0.034408112670614284
405,0.0013544191178671827,0.01719203132434933,0.03428325612570467
406,0.0013152351118822614,0.017236483216912596,0.03425834488682568
407,0.001419696051795186,0.01727645645069891,0.03427158499441828
408,0.0014836521904946975,0.01731273218256411,0.03421966672561021
409,0.001506710454877162,0.017211689064033954,0.03406521348794984
410,0.0014876842668161664,0.01729989485774576,0.03411059073678757
411,0.001705587418757996,0.01728978100429053,0.03414179322222951
412,0.0016787094242324385,0.017340640490079474,0.034030480929773996
413,0.001629105594771531,0.01736194023710277,0.034013791978193375
414,0.0016488684818524153,0.017382735970147008,0.034009442603659054
415,0.0015902052376256682,0.017375543939825197,0.03402530510333489
416,0.001602281189012115,0.01734106971818816,0.03408094064528046
417,0.001709205066821069,0.017334489262211435,0.03405130804280291
418,0.001637305798822139,0.017323999729620794,0.03406825657286921
419,0.0017361396055624485,0.017330075037533928,0.03416135351783755
420,0.001656929510491176,0.017284927843417036,0.03402994361269567
421,0.0015846167664944374,0.01728937686652154,0.03414865938053257
422,0.0017180598211628756,0.01734773236602649,0.03425924977174449
423,0.001625679490316012,0.017352343055076692,0.03395194504082423
424,0.0017166448147776113,0.01727786195235454,0.03401450016034624
425,0.0017492358152683535,0.017325092507218608,0.033958479002409045
426,0.0018933595201968368,0.01728854533095069,0.03391799801680557
427,0.0019364553547944292,0.017217117626514802,0.03384475308419902
428,0.0019247467633724672,0.017221910377585366,0.033818655499005874
429,0.002017437884714106,0.017209077464273016,0.033861592689499814
430,0.0020134471153367807,0.01727849504750676,0.03384105458541784
431,0.0019274104234940695,0.01725614970602667,0.033856612679776375
432,0.0018878913918791594,0.017200728041529043,0.033862657762729516
433,0.002004544462758403,0.017289363163107883,0.03372747294828441
434,0.002168400117068117,0.017281335791785514,0.03375370297285667
435,0.002166040401096762,0.01721717149819942,0.03365722739403922
436,0.00219599869668958,0.017235766683989302,0.033722039560718495
437,0.0022484115366891793,0.01723353944180004,0.03377766268793285
438,0.0021874537768346125,0.017206867931088665,0.03374528963273675
439,0.002287555558031923,0.017232025001979186,0.0336248914840439
440,0.0022314290612407655,0.017295838581032855,0.03366687440956312
441,0.0022660205057310956,0.01731805801155971,0.0336325034370808
442,0.0021947234775796594,0.017346769361296088,0.03367347164654484
443,0.002200118646810031,0.017327795602641975,0.033573047222432935
444,0.0022501573085448247,0.017320751772806786,0.03357010043854305
445,0.0023533304543884672,0.017317776092132895,0.03356482585668951
446,0.002351654575054713,0.017303676560477904,0.03349098270189913
447,0.002405436409441674,0.017349071991631257,0.03364248810924058
448,0.0024176233470112355,0.017309842838906214,0.033600056321904485
449,0.0024770618440642512,0.01731812775837044,0.0335144403056247
450,0.0024571775929327156,0.017308921238778065,0.03353205895477263
451,0.0024831211831979417,0.017328428197135017,0.033562179057826304
452,0.002536071114831914,0.017361238165217875,0.033554038303228825
453,0.0026101645268718572,0.017318678209325367,0.03338638880761061
454,0.0026398667065081847,0.017314247617981532,0.03336575002711552
455,0.002643852335692401,0.017307292277289707,0.03324371864742895
456,0.0026094387160273277,0.017313175651264022,0.03331579506970073
457,0.0026769956692367916,0.017278204328235933,0.03328719299588517
458,0.0025869596373826144,0.01728733260414443,0.03324629299617918
459,0.002684127645483975,0.017280411502980722,0.033195467521616784
460,0.0027305314107266138,0.01732684784692798,0.03310775692632059
461,0.0026678749034460703,0.01731534950414868,0.03321779297132857
462,0.002695289775176154,0.01730827535378607,0.03330754526809235
463,0.0027214088853701997,0.01731443416112207,0.033265611812221305
464,0.002766194034432145,0.01730562110504356,0.03332331167164994
465,0.002773808575514546,0.017299677664430392,0.03333865382570199
466,0.002688950558390003,0.017330420200520558,0.03330901855313703
467,0.0028008832983903685,0.017344632102504497,0.03335871243759444
468,0.00272927054530868,0.0173119792536844,0.03337093686806177
469,0.0027687216459787263,0.017296481530818787,0.03324510107438286
470,0.0027155913827817514,0.01731561914134487,0.033244738255631734
471,0.0027653035060528483,0.017299688540996675,0.03314831598564164
472,0.0027006013834283476,0.017286427847014493,0.03319953421698024
473,0.0027177120506033173,0.017354716200111288,0.033115613315076724
474,0.002822354555335957,0.01735373862765808,0.03314874029965306
475,0.0028142749505480806,0.01735746356904161,0.03309002436160901
476,0.002773877971932838,0.01735671133404444,0.033078521146394396
477,0.0027858709767485837,0.01731708672597833,0.03314624609032484
478,0.002820490152779211,0.017339032820188807,0.03311670472801462
479,0.0027693748690775714,0.01737912262774781,0.03303467794868216
480,0.00291581117789402,0.017360727477709864,0.03311080822810744
481,0.00294067653500339,0.017356570592337296,0.03302427979794296
482,0.0030401837216254717,0.017373523830805034,0.032979328622392313
483,0.0030829490879395794,0.017317818871477576,0.032864106093064574
484,0.0031399123569901197,0.01736502503302207,0.0327954366583889
485,0.003175640057595485,0.01736673061297663,0.03279424476569708
486,0.003292513963589322,0.017405015049594876,0.032864431062003374
487,0.003302754056034393,0.017345598704277168,0.032692737368768085
488,0.003234191713780763,0.017394611632117613,0.03263037535609126
489,0.0031665880844614887,0.017328112107995258,0.03275409170070393
490,0.0032289752478207884,0.017330542382446124,0.03279221658978871
491,0.0032282670575174317,0.017352060288886945,0.03267310483107497
492,0.003254494615628899,0.017335131608011083,0.03264899268378231
493,0.0031837857880512048,0.01738288447118139,0.03258209432263248
494,0.0032415554269203182,0.017426840563796227,0.03267641474860737
495,0.0031948418457241716,0.01739806650925676,0.03274852381677713
496,0.0032228347529669956,0.01744151804057628,0.03279403208786782
497,0.003352606495308076,0.017467657770062123,0.032726086786116944
498,0.0033736899498778322,0.017443708388420825,0.03273906599100045
499,0.0033568797005672497,0.017419708183334277,0.032663946521866986
500,0.003437412976096717,0.01742312957445946,0.03270776437645227
